country,zip,"Geocodio Latitude","Geocodio Longitude","Geocodio Accuracy Score","Geocodio Accuracy Type","Geocodio Address Line 1","Geocodio Address Line 2","Geocodio Address Line 3","Geocodio House Number","Geocodio Street","Geocodio Unit Type","Geocodio Unit Number","Geocodio City","Geocodio State","Geocodio County","Geocodio Postal Code","Geocodio Country","Geocodio Source","Geocodio Stable Address Key","Statcan Census Division id","Statcan Census Division Name","Statcan Census Division Type","Statcan Census Division Type Description","Statcan Census Consolidated Subdivision id","Statcan Census Consolidated Subdivision Name","Statcan Census Subdivision id","Statcan Census Subdivision Name","Statcan Census Subdivision Type","Statcan Census Subdivision Type Description","Statcan Census Economic Region","Statcan Census Statistical Area Code","Statcan Census Statistical Area Code Description","Statcan Census Statistical Area Type","Statcan Census Statistical Area Type Description","Statcan Census CMA/CA id","Statcan Census CMA/CA Name","Statcan Census CMA/CA Type","Statcan Census CMA/CA Type Description","Statcan Census Tract","Statcan Census Year","Provincial/Territorial Riding OCD ID","Provincial/Territorial Riding Name (French)","Provincial/Territorial Riding Name (English)","Provincial/Territorial Riding Source","Federal Riding Code","Federal Riding OCD ID","Federal Riding Name (French)","Federal Riding Name (English)","Federal Riding Source"
Canada,M9W1J1,43.690906,-79.578171,1,place,,,"Etobicoke, ON M9W",,,,,Etobicoke,ON,,M9W,CA,"CanVec+ by Natural Resources Canada",,3520,Toronto,CDR,"Census division / Division de recensement CT County / Comté",3520005,Toronto,3520005,Toronto,C,"City / Cité",Toronto,535,"CMA or CA",1,"Census subdivision within census metropolitan area",535,Toronto,B,"Census metropolitan area (CMA)",5350247.01,2021,ocd-division/country:ca/province:on/ed:30-2015,"Etobicoke North","Etobicoke North","Elections Ontario",35031,ocd-division/country:ca/ed:35031-2023,Etobicoke-Nord,"Etobicoke North","Federal Redistribution"
Canada,M5S2P1,43.659855,-79.407985,1,place,,,"Toronto, ON M5S",,,,,Toronto,ON,,M5S,CA,"CanVec+ by Natural Resources Canada",,3520,Toronto,CDR,"Census division / Division de recensement CT County / Comté",3520005,Toronto,3520005,Toronto,C,"City / Cité",Toronto,535,"CMA or CA",1,"Census subdivision within census metropolitan area",535,Toronto,B,"Census metropolitan area (CMA)",5350059.00,2021,ocd-division/country:ca/province:on/ed:university-rosedale,"University - Rosedale","University - Rosedale","Elections Ontario",35112,ocd-division/country:ca/ed:35112-2023,University—Rosedale,University—Rosedale,"Federal Redistribution"
Canada,M2J4R1,43.77009,-79.32298,1,place,,,"North York, ON M2J",,,,,"North York",ON,,M2J,CA,"CanVec+ by Natural Resources Canada",,3520,Toronto,CDR,"Census division / Division de recensement CT County / Comté",3520005,Toronto,3520005,Toronto,C,"City / Cité",Toronto,535,"CMA or CA",1,"Census subdivision within census metropolitan area",535,Toronto,B,"Census metropolitan area (CMA)",5350301.04,2021,ocd-division/country:ca/province:on/ed:don_valley_north-2015,"Don Valley North","Don Valley North","Elections Ontario",35092,ocd-division/country:ca/ed:35092-2023,Scarborough—Agincourt,Scarborough—Agincourt,"Federal Redistribution"
Canada,M9W6P8,43.716092,-79.59415,1,place,,,"Etobicoke, ON M9W",,,,,Etobicoke,ON,,M9W,CA,"CanVec+ by Natural Resources Canada",,3520,Toronto,CDR,"Census division / Division de recensement CT County / Comté",3520005,Toronto,3520005,Toronto,C,"City / Cité",Toronto,535,"CMA or CA",1,"Census subdivision within census metropolitan area",535,Toronto,B,"Census metropolitan area (CMA)",5350247.01,2021,ocd-division/country:ca/province:on/ed:30-2015,"Etobicoke North","Etobicoke North","Elections Ontario",35031,ocd-division/country:ca/ed:35031-2023,Etobicoke-Nord,"Etobicoke North","Federal Redistribution"
Canada,M6R2K3,43.639469,-79.446825,1,place,,,"Toronto, ON M6R",,,,,Toronto,ON,,M6R,CA,"CanVec+ by Natural Resources Canada",,3520,Toronto,CDR,"Census division / Division de recensement CT County / Comté",3520005,Toronto,3520005,Toronto,C,"City / Cité",Toronto,535,"CMA or CA",1,"Census subdivision within census metropolitan area",535,Toronto,B,"Census metropolitan area (CMA)",5350049.00,2021,ocd-division/country:ca/province:on/ed:parkdale-high_park,"Parkdale - High Park","Parkdale - High Park","Elections Ontario",35105,ocd-division/country:ca/ed:35105-2023,"Taiaiako'n—Parkdale—High Park","Taiaiako'n—Parkdale—High Park","Federal Redistribution"
Canada,M6H3Z5,43.66574,-79.445669,1,place,,,"Toronto, ON M6H",,,,,Toronto,ON,,M6H,CA,"CanVec+ by Natural Resources Canada",,3520,Toronto,CDR,"Census division / Division de recensement CT County / Comté",3520005,Toronto,3520005,Toronto,C,"City / Cité",Toronto,535,"CMA or CA",1,"Census subdivision within census metropolitan area",535,Toronto,B,"Census metropolitan area (CMA)",5350097.04,2021,ocd-division/country:ca/province:on/ed:19-2015,Davenport,Davenport,"Elections Ontario",35022,ocd-division/country:ca/ed:35022-2023,Davenport,Davenport,"Federal Redistribution"
Canada,M6G1M2,43.662437,-79.424478,1,place,,,"Toronto, ON M6G",,,,,Toronto,ON,,M6G,CA,"CanVec+ by Natural Resources Canada",,3520,Toronto,CDR,"Census division / Division de recensement CT County / Comté",3520005,Toronto,3520005,Toronto,C,"City / Cité",Toronto,535,"CMA or CA",1,"Census subdivision within census metropolitan area",535,Toronto,B,"Census metropolitan area (CMA)",5350094.00,2021,ocd-division/country:ca/province:on/ed:university-rosedale,"University - Rosedale","University - Rosedale","Elections Ontario",35112,ocd-division/country:ca/ed:35112-2023,University—Rosedale,University—Rosedale,"Federal Redistribution"
Canada,M5R2T8,43.673632,-79.406914,1,place,,,"Toronto, ON M5R",,,,,Toronto,ON,,M5R,CA,"CanVec+ by Natural Resources Canada",,3520,Toronto,CDR,"Census division / Division de recensement CT County / Comté",3520005,Toronto,3520005,Toronto,C,"City / Cité",Toronto,535,"CMA or CA",1,"Census subdivision within census metropolitan area",535,Toronto,B,"Census metropolitan area (CMA)",5350092.00,2021,ocd-division/country:ca/province:on/ed:university-rosedale,"University - Rosedale","University - Rosedale","Elections Ontario",35112,ocd-division/country:ca/ed:35112-2023,University—Rosedale,University—Rosedale,"Federal Redistribution"
Canada,M6G3B1,43.666277,-79.419297,1,place,,,"Toronto, ON M6G",,,,,Toronto,ON,,M6G,CA,"CanVec+ by Natural Resources Canada",,3520,Toronto,CDR,"Census division / Division de recensement CT County / Comté",3520005,Toronto,3520005,Toronto,C,"City / Cité",Toronto,535,"CMA or CA",1,"Census subdivision within census metropolitan area",535,Toronto,B,"Census metropolitan area (CMA)",5350093.00,2021,ocd-division/country:ca/province:on/ed:university-rosedale,"University - Rosedale","University - Rosedale","Elections Ontario",35112,ocd-division/country:ca/ed:35112-2023,University—Rosedale,University—Rosedale,"Federal Redistribution"
Canada,M1P4V8,43.768417,-79.268791,1,place,,,"Scarborough, ON M1P",,,,,Scarborough,ON,,M1P,CA,"CanVec+ by Natural Resources Canada",,3520,Toronto,CDR,"Census division / Division de recensement CT County / Comté",3520005,Toronto,3520005,Toronto,C,"City / Cité",Toronto,535,"CMA or CA",1,"Census subdivision within census metropolitan area",535,Toronto,B,"Census metropolitan area (CMA)",5350369.00,2021,ocd-division/country:ca/province:on/ed:94-2015,"Scarborough Centre","Scarborough Centre","Elections Ontario",35097,ocd-division/country:ca/ed:35097-2023,Scarborough—Woburn,Scarborough—Woburn,"Federal Redistribution"
Canada,M1G1J6,43.772211,-79.219309,1,place,,,"Scarborough, ON M1G",,,,,Scarborough,ON,,M1G,CA,"CanVec+ by Natural Resources Canada",,3520,Toronto,CDR,"Census division / Division de recensement CT County / Comté",3520005,Toronto,3520005,Toronto,C,"City / Cité",Toronto,535,"CMA or CA",1,"Census subdivision within census metropolitan area",535,Toronto,B,"Census metropolitan area (CMA)",5350364.01,2021,ocd-division/country:ca/province:on/ed:scarborough-guildwood,"Scarborough - Guildwood","Scarborough - Guildwood","Elections Ontario",35097,ocd-division/country:ca/ed:35097-2023,Scarborough—Woburn,Scarborough—Woburn,"Federal Redistribution"
Canada,M3M2X4,43.742079,-79.496383,1,place,,,"North York, ON M3M",,,,,"North York",ON,,M3M,CA,"CanVec+ by Natural Resources Canada",,3520,Toronto,CDR,"Census division / Division de recensement CT County / Comté",3520005,Toronto,3520005,Toronto,C,"City / Cité",Toronto,535,"CMA or CA",1,"Census subdivision within census metropolitan area",535,Toronto,B,"Census metropolitan area (CMA)",5350295.00,2021,ocd-division/country:ca/province:on/ed:york_centre-1953,"York Centre","York Centre","Elections Ontario",35120,ocd-division/country:ca/ed:35120-2023,York-Centre,"York Centre","Federal Redistribution"
Canada,M1B3M6,43.787909,-79.235653,1,place,,,"Scarborough, ON M1B",,,,,Scarborough,ON,,M1B,CA,"CanVec+ by Natural Resources Canada",,3520,Toronto,CDR,"Census division / Division de recensement CT County / Comté",3520005,Toronto,3520005,Toronto,C,"City / Cité",Toronto,535,"CMA or CA",1,"Census subdivision within census metropolitan area",535,Toronto,B,"Census metropolitan area (CMA)",5350378.03,2021,ocd-division/country:ca/province:on/ed:96-2015,"Scarborough North","Scarborough North","Elections Ontario",35095,ocd-division/country:ca/ed:35095-2023,Scarborough-Nord,"Scarborough North","Federal Redistribution"
Canada,M1E2M6,43.759811,-79.197542,1,place,,,"Scarborough, ON M1E",,,,,Scarborough,ON,,M1E,CA,"CanVec+ by Natural Resources Canada",,3520,Toronto,CDR,"Census division / Division de recensement CT County / Comté",3520005,Toronto,3520005,Toronto,C,"City / Cité",Toronto,535,"CMA or CA",1,"Census subdivision within census metropolitan area",535,Toronto,B,"Census metropolitan area (CMA)",5350358.03,2021,ocd-division/country:ca/province:on/ed:scarborough-guildwood,"Scarborough - Guildwood","Scarborough - Guildwood","Elections Ontario",35094,ocd-division/country:ca/ed:35094-2023,"Scarborough—Guildwood—Rouge Park","Scarborough—Guildwood—Rouge Park","Federal Redistribution"
Canada,M1E2P9,43.775697,-79.175795,1,place,,,"Scarborough, ON M1E",,,,,Scarborough,ON,,M1E,CA,"CanVec+ by Natural Resources Canada",,3520,Toronto,CDR,"Census division / Division de recensement CT County / Comté",3520005,Toronto,3520005,Toronto,C,"City / Cité",Toronto,535,"CMA or CA",1,"Census subdivision within census metropolitan area",535,Toronto,B,"Census metropolitan area (CMA)",5350360.00,2021,ocd-division/country:ca/province:on/ed:scarborough-rouge_park,"Scarborough - Rouge Park","Scarborough - Rouge Park","Elections Ontario",35094,ocd-division/country:ca/ed:35094-2023,"Scarborough—Guildwood—Rouge Park","Scarborough—Guildwood—Rouge Park","Federal Redistribution"
Canada,M1E2N8,43.771497,-79.186638,1,place,,,"Scarborough, ON M1E",,,,,Scarborough,ON,,M1E,CA,"CanVec+ by Natural Resources Canada",,3520,Toronto,CDR,"Census division / Division de recensement CT County / Comté",3520005,Toronto,3520005,Toronto,C,"City / Cité",Toronto,535,"CMA or CA",1,"Census subdivision within census metropolitan area",535,Toronto,B,"Census metropolitan area (CMA)",5350359.00,2021,ocd-division/country:ca/province:on/ed:scarborough-rouge_park,"Scarborough - Rouge Park","Scarborough - Rouge Park","Elections Ontario",35094,ocd-division/country:ca/ed:35094-2023,"Scarborough—Guildwood—Rouge Park","Scarborough—Guildwood—Rouge Park","Federal Redistribution"
Canada,M5V3W3,43.641116,-79.402673,1,place,,,"Toronto, ON M5V",,,,,Toronto,ON,,M5V,CA,"CanVec+ by Natural Resources Canada",,3520,Toronto,CDR,"Census division / Division de recensement CT County / Comté",3520005,Toronto,3520005,Toronto,C,"City / Cité",Toronto,535,"CMA or CA",1,"Census subdivision within census metropolitan area",535,Toronto,B,"Census metropolitan area (CMA)",5350010.02,2021,ocd-division/country:ca/province:on/ed:spadina-fort_york,"Spadina - Fort York","Spadina - Fort York","Elections Ontario",35100,ocd-division/country:ca/ed:35100-2023,Spadina—Harbourfront,Spadina—Harbourfront,"Federal Redistribution"
Canada,M1H2X1,43.776911,-79.246111,1,place,,,"Scarborough, ON M1H",,,,,Scarborough,ON,,M1H,CA,"CanVec+ by Natural Resources Canada",,3520,Toronto,CDR,"Census division / Division de recensement CT County / Comté",3520005,Toronto,3520005,Toronto,C,"City / Cité",Toronto,535,"CMA or CA",1,"Census subdivision within census metropolitan area",535,Toronto,B,"Census metropolitan area (CMA)",5350363.06,2021,ocd-division/country:ca/province:on/ed:scarborough-guildwood,"Scarborough - Guildwood","Scarborough - Guildwood","Elections Ontario",35097,ocd-division/country:ca/ed:35097-2023,Scarborough—Woburn,Scarborough—Woburn,"Federal Redistribution"
Canada,M5A2R9,43.659073,-79.371006,1,place,,,"Toronto, ON M5A",,,,,Toronto,ON,,M5A,CA,"CanVec+ by Natural Resources Canada",,3520,Toronto,CDR,"Census division / Division de recensement CT County / Comté",3520005,Toronto,3520005,Toronto,C,"City / Cité",Toronto,535,"CMA or CA",1,"Census subdivision within census metropolitan area",535,Toronto,B,"Census metropolitan area (CMA)",5350032.00,2021,ocd-division/country:ca/province:on/ed:toronto_centre-2004,"Toronto Centre","Toronto Centre","Elections Ontario",35109,ocd-division/country:ca/ed:35109-2023,Toronto-Centre,"Toronto Centre","Federal Redistribution"
Canada,NAN,56.643148,-61.861249,1,place,,,"Nain, NL A0P",,,,,Nain,NL,,A0P,CA,"CanVec+ by Natural Resources Canada",,1011,"Division No. 11",CDR,"Census division / Division de recensement CT County / Comté",1011040,"Division No. 11, Subd. E",1011040,"Division No. 11, Subd. E",SNO,"Subdivision of unorganized / Subdivision non organisée","West Coast--Northern Peninsula--Labrador / Côte-ouest--Northern Peninsula--Labrador",999,"No influence",7,"Census subdivision outside of census metropolitan area/census agglomeration area having no metropolitan influence",999,"No metropolitan influenced zone (N.L.) / Aucune zone d'influence métropolitaine (T.-N.-L.)",J,"Not applicable (outside of CMA or CA)",,2021,ocd-division/country:ca/province:nl/ed:torngat_mountains,"Torngat Mountains","Torngat Mountains","Elections NL",10004,ocd-division/country:ca/ed:10004-2023,Labrador,Labrador,"Federal Redistribution"
Canada,M1M1P8,43.733327,-79.223927,1,place,,,"Scarborough, ON M1M",,,,,Scarborough,ON,,M1M,CA,"CanVec+ by Natural Resources Canada",,3520,Toronto,CDR,"Census division / Division de recensement CT County / Comté",3520005,Toronto,3520005,Toronto,C,"City / Cité",Toronto,535,"CMA or CA",1,"Census subdivision within census metropolitan area",535,Toronto,B,"Census metropolitan area (CMA)",5350332.00,2021,ocd-division/country:ca/province:on/ed:98-2015,"Scarborough Southwest","Scarborough Southwest","Elections Ontario",35096,ocd-division/country:ca/ed:35096-2023,Scarborough-Sud-Ouest,"Scarborough Southwest","Federal Redistribution"
Canada,M6N3V7,43.668653,-79.483234,1,place,,,"Toronto, ON M6N",,,,,Toronto,ON,,M6N,CA,"CanVec+ by Natural Resources Canada",,3520,Toronto,CDR,"Census division / Division de recensement CT County / Comté",3520005,Toronto,3520005,Toronto,C,"City / Cité",Toronto,535,"CMA or CA",1,"Census subdivision within census metropolitan area",535,Toronto,B,"Census metropolitan area (CMA)",5350106.00,2021,ocd-division/country:ca/province:on/ed:york_south-weston,"York South - Weston","York South - Weston","Elections Ontario",35105,ocd-division/country:ca/ed:35105-2023,"Taiaiako'n—Parkdale—High Park","Taiaiako'n—Parkdale—High Park","Federal Redistribution"
Canada,M5A2N2,43.658763,-79.373837,1,place,,,"Toronto, ON M5A",,,,,Toronto,ON,,M5A,CA,"CanVec+ by Natural Resources Canada",,3520,Toronto,CDR,"Census division / Division de recensement CT County / Comté",3520005,Toronto,3520005,Toronto,C,"City / Cité",Toronto,535,"CMA or CA",1,"Census subdivision within census metropolitan area",535,Toronto,B,"Census metropolitan area (CMA)",5350032.00,2021,ocd-division/country:ca/province:on/ed:toronto_centre-2004,"Toronto Centre","Toronto Centre","Elections Ontario",35109,ocd-division/country:ca/ed:35109-2023,Toronto-Centre,"Toronto Centre","Federal Redistribution"
Canada,M5C2G1,43.650797,-79.375054,1,place,,,"Toronto, ON M5C",,,,,Toronto,ON,,M5C,CA,"CanVec+ by Natural Resources Canada",,3520,Toronto,CDR,"Census division / Division de recensement CT County / Comté",3520005,Toronto,3520005,Toronto,C,"City / Cité",Toronto,535,"CMA or CA",1,"Census subdivision within census metropolitan area",535,Toronto,B,"Census metropolitan area (CMA)",5350015.00,2021,ocd-division/country:ca/province:on/ed:toronto_centre-2004,"Toronto Centre","Toronto Centre","Elections Ontario",35109,ocd-division/country:ca/ed:35109-2023,Toronto-Centre,"Toronto Centre","Federal Redistribution"
Canada,M5V2H3,43.648747,-79.393238,1,place,,,"Toronto, ON M5V",,,,,Toronto,ON,,M5V,CA,"CanVec+ by Natural Resources Canada",,3520,Toronto,CDR,"Census division / Division de recensement CT County / Comté",3520005,Toronto,3520005,Toronto,C,"City / Cité",Toronto,535,"CMA or CA",1,"Census subdivision within census metropolitan area",535,Toronto,B,"Census metropolitan area (CMA)",5350011.02,2021,ocd-division/country:ca/province:on/ed:spadina-fort_york,"Spadina - Fort York","Spadina - Fort York","Elections Ontario",35100,ocd-division/country:ca/ed:35100-2023,Spadina—Harbourfront,Spadina—Harbourfront,"Federal Redistribution"
Canada,L4L8P5,43.77194,-79.539383,1,place,,,"Woodbridge, ON L4L",,,,,Woodbridge,ON,,L4L,CA,"CanVec+ by Natural Resources Canada",,3519,York,RM,"Regional municipality",3519028,Vaughan,3519028,Vaughan,CY,City,Toronto,535,"CMA or CA",1,"Census subdivision within census metropolitan area",535,Toronto,B,"Census metropolitan area (CMA)",5350412.04,2021,ocd-division/country:ca/province:on/ed:vaughan-woodbridge,"Vaughan - Woodbridge","Vaughan - Woodbridge","Elections Ontario",35113,ocd-division/country:ca/ed:35113-2023,Vaughan—Woodbridge,Vaughan—Woodbridge,"Federal Redistribution"
Canada,M3L1A5,43.718942,-79.51595,1,place,,,"North York, ON M3L",,,,,"North York",ON,,M3L,CA,"CanVec+ by Natural Resources Canada",,3520,Toronto,CDR,"Census division / Division de recensement CT County / Comté",3520005,Toronto,3520005,Toronto,C,"City / Cité",Toronto,535,"CMA or CA",1,"Census subdivision within census metropolitan area",535,Toronto,B,"Census metropolitan area (CMA)",5350292.00,2021,ocd-division/country:ca/province:on/ed:humber_river-black_creek,"Humber River - Black Creek","Humber River - Black Creek","Elections Ontario",35041,ocd-division/country:ca/ed:35041-2023,"Humber River—Black Creek","Humber River—Black Creek","Federal Redistribution"
Canada,M5T2V4,43.650083,-79.402607,1,place,,,"Toronto, ON M5T",,,,,Toronto,ON,,M5T,CA,"CanVec+ by Natural Resources Canada",,3520,Toronto,CDR,"Census division / Division de recensement CT County / Comté",3520005,Toronto,3520005,Toronto,C,"City / Cité",Toronto,535,"CMA or CA",1,"Census subdivision within census metropolitan area",535,Toronto,B,"Census metropolitan area (CMA)",5350039.00,2021,ocd-division/country:ca/province:on/ed:spadina-fort_york,"Spadina - Fort York","Spadina - Fort York","Elections Ontario",35112,ocd-division/country:ca/ed:35112-2023,University—Rosedale,University—Rosedale,"Federal Redistribution"
Canada,M5H1H9,0,0,0,,,,,"Could not geocode address. No matches found.",,,,,,,,,,,,,,,,,,,,,,,,,,,,,,,,,,,,,,,,
Canada,M6C2R5,43.691896,-79.440076,1,place,,,"York, ON M6C",,,,,York,ON,,M6C,CA,"CanVec+ by Natural Resources Canada",,3520,Toronto,CDR,"Census division / Division de recensement CT County / Comté",3520005,Toronto,3520005,Toronto,C,"City / Cité",Toronto,535,"CMA or CA",1,"Census subdivision within census metropolitan area",535,Toronto,B,"Census metropolitan area (CMA)",5350164.00,2021,ocd-division/country:ca/province:on/ed:toronto-st._paul~s,"Toronto - St. Paul's","Toronto - St. Paul's","Elections Ontario",35022,ocd-division/country:ca/ed:35022-2023,Davenport,Davenport,"Federal Redistribution"
Canada,M5B2P3,43.659503,-79.381435,1,place,,,"Toronto, ON M5B",,,,,Toronto,ON,,M5B,CA,"CanVec+ by Natural Resources Canada",,3520,Toronto,CDR,"Census division / Division de recensement CT County / Comté",3520005,Toronto,3520005,Toronto,C,"City / Cité",Toronto,535,"CMA or CA",1,"Census subdivision within census metropolitan area",535,Toronto,B,"Census metropolitan area (CMA)",5350034.01,2021,ocd-division/country:ca/province:on/ed:toronto_centre-2004,"Toronto Centre","Toronto Centre","Elections Ontario",35109,ocd-division/country:ca/ed:35109-2023,Toronto-Centre,"Toronto Centre","Federal Redistribution"
Canada,M5B1H3,43.660139,-79.379909,1,place,,,"Toronto, ON M5B",,,,,Toronto,ON,,M5B,CA,"CanVec+ by Natural Resources Canada",,3520,Toronto,CDR,"Census division / Division de recensement CT County / Comté",3520005,Toronto,3520005,Toronto,C,"City / Cité",Toronto,535,"CMA or CA",1,"Census subdivision within census metropolitan area",535,Toronto,B,"Census metropolitan area (CMA)",5350034.01,2021,ocd-division/country:ca/province:on/ed:toronto_centre-2004,"Toronto Centre","Toronto Centre","Elections Ontario",35109,ocd-division/country:ca/ed:35109-2023,Toronto-Centre,"Toronto Centre","Federal Redistribution"
Canada,M5A1C1,43.647253,-79.361928,1,place,,,"Toronto, ON M5A",,,,,Toronto,ON,,M5A,CA,"CanVec+ by Natural Resources Canada",,3520,Toronto,CDR,"Census division / Division de recensement CT County / Comté",3520005,Toronto,3520005,Toronto,C,"City / Cité",Toronto,535,"CMA or CA",1,"Census subdivision within census metropolitan area",535,Toronto,B,"Census metropolitan area (CMA)",5350017.02,2021,ocd-division/country:ca/province:on/ed:spadina-fort_york,"Spadina - Fort York","Spadina - Fort York","Elections Ontario",35100,ocd-division/country:ca/ed:35100-2023,Spadina—Harbourfront,Spadina—Harbourfront,"Federal Redistribution"
Canada,M6K3C3,43.632137,-79.427995,1,place,,,"Toronto, ON M6K",,,,,Toronto,ON,,M6K,CA,"CanVec+ by Natural Resources Canada",,3520,Toronto,CDR,"Census division / Division de recensement CT County / Comté",3520005,Toronto,3520005,Toronto,C,"City / Cité",Toronto,535,"CMA or CA",1,"Census subdivision within census metropolitan area",535,Toronto,B,"Census metropolitan area (CMA)",5350008.02,2021,ocd-division/country:ca/province:on/ed:spadina-fort_york,"Spadina - Fort York","Spadina - Fort York","Elections Ontario",35100,ocd-division/country:ca/ed:35100-2023,Spadina—Harbourfront,Spadina—Harbourfront,"Federal Redistribution"
Canada,M5A2N3,43.659741,-79.374693,1,place,,,"Toronto, ON M5A",,,,,Toronto,ON,,M5A,CA,"CanVec+ by Natural Resources Canada",,3520,Toronto,CDR,"Census division / Division de recensement CT County / Comté",3520005,Toronto,3520005,Toronto,C,"City / Cité",Toronto,535,"CMA or CA",1,"Census subdivision within census metropolitan area",535,Toronto,B,"Census metropolitan area (CMA)",5350032.00,2021,ocd-division/country:ca/province:on/ed:toronto_centre-2004,"Toronto Centre","Toronto Centre","Elections Ontario",35109,ocd-division/country:ca/ed:35109-2023,Toronto-Centre,"Toronto Centre","Federal Redistribution"
Canada,M5B2G8,43.662068,-79.376993,1,place,,,"Toronto, ON M5B",,,,,Toronto,ON,,M5B,CA,"CanVec+ by Natural Resources Canada",,3520,Toronto,CDR,"Census division / Division de recensement CT County / Comté",3520005,Toronto,3520005,Toronto,C,"City / Cité",Toronto,535,"CMA or CA",1,"Census subdivision within census metropolitan area",535,Toronto,B,"Census metropolitan area (CMA)",5350034.01,2021,ocd-division/country:ca/province:on/ed:toronto_centre-2004,"Toronto Centre","Toronto Centre","Elections Ontario",35109,ocd-division/country:ca/ed:35109-2023,Toronto-Centre,"Toronto Centre","Federal Redistribution"
Canada,M4C1L7,43.689159,-79.299758,1,place,,,"Toronto, ON M4C",,,,,Toronto,ON,,M4C,CA,"CanVec+ by Natural Resources Canada",,3520,Toronto,CDR,"Census division / Division de recensement CT County / Comté",3520005,Toronto,3520005,Toronto,C,"City / Cité",Toronto,535,"CMA or CA",1,"Census subdivision within census metropolitan area",535,Toronto,B,"Census metropolitan area (CMA)",5350080.02,2021,ocd-division/country:ca/province:on/ed:beaches-east_york,"Beaches - East York","Beaches - East York","Elections Ontario",35007,ocd-division/country:ca/ed:35007-2023,"Beaches—East York","Beaches—East York","Federal Redistribution"
Canada,M2N4N4,43.778934,-79.413261,1,place,,,"North York, ON M2N",,,,,"North York",ON,,M2N,CA,"CanVec+ by Natural Resources Canada",,3520,Toronto,CDR,"Census division / Division de recensement CT County / Comté",3520005,Toronto,3520005,Toronto,C,"City / Cité",Toronto,535,"CMA or CA",1,"Census subdivision within census metropolitan area",535,Toronto,B,"Census metropolitan area (CMA)",5350307.05,2021,ocd-division/country:ca/province:on/ed:117-2015,Willowdale,Willowdale,"Elections Ontario",35117,ocd-division/country:ca/ed:35117-2023,Willowdale,Willowdale,"Federal Redistribution"
Canada,M5V3G9,43.646864,-79.398633,1,place,,,"Toronto, ON M5V",,,,,Toronto,ON,,M5V,CA,"CanVec+ by Natural Resources Canada",,3520,Toronto,CDR,"Census division / Division de recensement CT County / Comté",3520005,Toronto,3520005,Toronto,C,"City / Cité",Toronto,535,"CMA or CA",1,"Census subdivision within census metropolitan area",535,Toronto,B,"Census metropolitan area (CMA)",5350011.01,2021,ocd-division/country:ca/province:on/ed:spadina-fort_york,"Spadina - Fort York","Spadina - Fort York","Elections Ontario",35100,ocd-division/country:ca/ed:35100-2023,Spadina—Harbourfront,Spadina—Harbourfront,"Federal Redistribution"
Canada,M3B2T5,43.758395,-79.357786,1,place,,,"North York, ON M3B",,,,,"North York",ON,,M3B,CA,"CanVec+ by Natural Resources Canada",,3520,Toronto,CDR,"Census division / Division de recensement CT County / Comté",3520005,Toronto,3520005,Toronto,C,"City / Cité",Toronto,535,"CMA or CA",1,"Census subdivision within census metropolitan area",535,Toronto,B,"Census metropolitan area (CMA)",5350273.01,2021,ocd-division/country:ca/province:on/ed:20-2015,"Don Valley East","Don Valley East","Elections Ontario",35023,ocd-division/country:ca/ed:35023-2023,"Don Valley-Nord","Don Valley North","Federal Redistribution"
Canada,M1E2P4,43.774634,-79.183907,1,place,,,"Scarborough, ON M1E",,,,,Scarborough,ON,,M1E,CA,"CanVec+ by Natural Resources Canada",,3520,Toronto,CDR,"Census division / Division de recensement CT County / Comté",3520005,Toronto,3520005,Toronto,C,"City / Cité",Toronto,535,"CMA or CA",1,"Census subdivision within census metropolitan area",535,Toronto,B,"Census metropolitan area (CMA)",5350359.00,2021,ocd-division/country:ca/province:on/ed:scarborough-rouge_park,"Scarborough - Rouge Park","Scarborough - Rouge Park","Elections Ontario",35094,ocd-division/country:ca/ed:35094-2023,"Scarborough—Guildwood—Rouge Park","Scarborough—Guildwood—Rouge Park","Federal Redistribution"
Canada,M5T2M8,43.650243,-79.402012,1,place,,,"Toronto, ON M5T",,,,,Toronto,ON,,M5T,CA,"CanVec+ by Natural Resources Canada",,3520,Toronto,CDR,"Census division / Division de recensement CT County / Comté",3520005,Toronto,3520005,Toronto,C,"City / Cité",Toronto,535,"CMA or CA",1,"Census subdivision within census metropolitan area",535,Toronto,B,"Census metropolitan area (CMA)",5350039.00,2021,ocd-division/country:ca/province:on/ed:spadina-fort_york,"Spadina - Fort York","Spadina - Fort York","Elections Ontario",35112,ocd-division/country:ca/ed:35112-2023,University—Rosedale,University—Rosedale,"Federal Redistribution"
Canada,M4X1K9,43.667601,-79.375402,1,place,,,"Toronto, ON M4X",,,,,Toronto,ON,,M4X,CA,"CanVec+ by Natural Resources Canada",,3520,Toronto,CDR,"Census division / Division de recensement CT County / Comté",3520005,Toronto,3520005,Toronto,C,"City / Cité",Toronto,535,"CMA or CA",1,"Census subdivision within census metropolitan area",535,Toronto,B,"Census metropolitan area (CMA)",5350064.00,2021,ocd-division/country:ca/province:on/ed:toronto_centre-2004,"Toronto Centre","Toronto Centre","Elections Ontario",35109,ocd-division/country:ca/ed:35109-2023,Toronto-Centre,"Toronto Centre","Federal Redistribution"
Canada,M5A2A5,43.659115,-79.368146,1,place,,,"Toronto, ON M5A",,,,,Toronto,ON,,M5A,CA,"CanVec+ by Natural Resources Canada",,3520,Toronto,CDR,"Census division / Division de recensement CT County / Comté",3520005,Toronto,3520005,Toronto,C,"City / Cité",Toronto,535,"CMA or CA",1,"Census subdivision within census metropolitan area",535,Toronto,B,"Census metropolitan area (CMA)",5350032.00,2021,ocd-division/country:ca/province:on/ed:toronto_centre-2004,"Toronto Centre","Toronto Centre","Elections Ontario",35109,ocd-division/country:ca/ed:35109-2023,Toronto-Centre,"Toronto Centre","Federal Redistribution"
Canada,M4Y2H6,43.667259,-79.379108,1,place,,,"Toronto, ON M4Y",,,,,Toronto,ON,,M4Y,CA,"CanVec+ by Natural Resources Canada",,3520,Toronto,CDR,"Census division / Division de recensement CT County / Comté",3520005,Toronto,3520005,Toronto,C,"City / Cité",Toronto,535,"CMA or CA",1,"Census subdivision within census metropolitan area",535,Toronto,B,"Census metropolitan area (CMA)",5350063.04,2021,ocd-division/country:ca/province:on/ed:toronto_centre-2004,"Toronto Centre","Toronto Centre","Elections Ontario",35109,ocd-division/country:ca/ed:35109-2023,Toronto-Centre,"Toronto Centre","Federal Redistribution"
Canada,M5C1K6,43.650764,-79.375812,1,place,,,"Toronto, ON M5C",,,,,Toronto,ON,,M5C,CA,"CanVec+ by Natural Resources Canada",,3520,Toronto,CDR,"Census division / Division de recensement CT County / Comté",3520005,Toronto,3520005,Toronto,C,"City / Cité",Toronto,535,"CMA or CA",1,"Census subdivision within census metropolitan area",535,Toronto,B,"Census metropolitan area (CMA)",5350015.00,2021,ocd-division/country:ca/province:on/ed:toronto_centre-2004,"Toronto Centre","Toronto Centre","Elections Ontario",35109,ocd-division/country:ca/ed:35109-2023,Toronto-Centre,"Toronto Centre","Federal Redistribution"
Canada,M6H1B1,43.652677,-79.430807,1,place,,,"Toronto, ON M6H",,,,,Toronto,ON,,M6H,CA,"CanVec+ by Natural Resources Canada",,3520,Toronto,CDR,"Census division / Division de recensement CT County / Comté",3520005,Toronto,3520005,Toronto,C,"City / Cité",Toronto,535,"CMA or CA",1,"Census subdivision within census metropolitan area",535,Toronto,B,"Census metropolitan area (CMA)",5350045.00,2021,ocd-division/country:ca/province:on/ed:19-2015,Davenport,Davenport,"Elections Ontario",35022,ocd-division/country:ca/ed:35022-2023,Davenport,Davenport,"Federal Redistribution"
Canada,M6A2W9,43.712786,-79.466599,1,place,,,"North York, ON M6A",,,,,"North York",ON,,M6A,CA,"CanVec+ by Natural Resources Canada",,3520,Toronto,CDR,"Census division / Division de recensement CT County / Comté",3520005,Toronto,3520005,Toronto,C,"City / Cité",Toronto,535,"CMA or CA",1,"Census subdivision within census metropolitan area",535,Toronto,B,"Census metropolitan area (CMA)",5350286.00,2021,ocd-division/country:ca/province:on/ed:eglinton-lawrence,"Eglinton - Lawrence","Eglinton - Lawrence","Elections Ontario",35026,ocd-division/country:ca/ed:35026-2023,Eglinton—Lawrence,Eglinton—Lawrence,"Federal Redistribution"
Canada,M2J4R2,43.770712,-79.336384,1,place,,,"North York, ON M2J",,,,,"North York",ON,,M2J,CA,"CanVec+ by Natural Resources Canada",,3520,Toronto,CDR,"Census division / Division de recensement CT County / Comté",3520005,Toronto,3520005,Toronto,C,"City / Cité",Toronto,535,"CMA or CA",1,"Census subdivision within census metropolitan area",535,Toronto,B,"Census metropolitan area (CMA)",5350301.04,2021,ocd-division/country:ca/province:on/ed:don_valley_north-2015,"Don Valley North","Don Valley North","Elections Ontario",35092,ocd-division/country:ca/ed:35092-2023,Scarborough—Agincourt,Scarborough—Agincourt,"Federal Redistribution"
Canada,M5G1P4,43.654184,-79.384488,1,place,,,"Toronto, ON M5G",,,,,Toronto,ON,,M5G,CA,"CanVec+ by Natural Resources Canada",,3520,Toronto,CDR,"Census division / Division de recensement CT County / Comté",3520005,Toronto,3520005,Toronto,C,"City / Cité",Toronto,535,"CMA or CA",1,"Census subdivision within census metropolitan area",535,Toronto,B,"Census metropolitan area (CMA)",5350035.00,2021,ocd-division/country:ca/province:on/ed:spadina-fort_york,"Spadina - Fort York","Spadina - Fort York","Elections Ontario",35112,ocd-division/country:ca/ed:35112-2023,University—Rosedale,University—Rosedale,"Federal Redistribution"
Canada,M5A1T3,43.656041,-79.363157,1,place,,,"Toronto, ON M5A",,,,,Toronto,ON,,M5A,CA,"CanVec+ by Natural Resources Canada",,3520,Toronto,CDR,"Census division / Division de recensement CT County / Comté",3520005,Toronto,3520005,Toronto,C,"City / Cité",Toronto,535,"CMA or CA",1,"Census subdivision within census metropolitan area",535,Toronto,B,"Census metropolitan area (CMA)",5350030.00,2021,ocd-division/country:ca/province:on/ed:toronto_centre-2004,"Toronto Centre","Toronto Centre","Elections Ontario",35109,ocd-division/country:ca/ed:35109-2023,Toronto-Centre,"Toronto Centre","Federal Redistribution"
Canada,M5A4H5,43.656634,-79.362383,1,place,,,"Toronto, ON M5A",,,,,Toronto,ON,,M5A,CA,"CanVec+ by Natural Resources Canada",,3520,Toronto,CDR,"Census division / Division de recensement CT County / Comté",3520005,Toronto,3520005,Toronto,C,"City / Cité",Toronto,535,"CMA or CA",1,"Census subdivision within census metropolitan area",535,Toronto,B,"Census metropolitan area (CMA)",5350030.00,2021,ocd-division/country:ca/province:on/ed:toronto_centre-2004,"Toronto Centre","Toronto Centre","Elections Ontario",35109,ocd-division/country:ca/ed:35109-2023,Toronto-Centre,"Toronto Centre","Federal Redistribution"
Canada,M5B2C2,43.660335,-79.375488,1,place,,,"Toronto, ON M5B",,,,,Toronto,ON,,M5B,CA,"CanVec+ by Natural Resources Canada",,3520,Toronto,CDR,"Census division / Division de recensement CT County / Comté",3520005,Toronto,3520005,Toronto,C,"City / Cité",Toronto,535,"CMA or CA",1,"Census subdivision within census metropolitan area",535,Toronto,B,"Census metropolitan area (CMA)",5350032.00,2021,ocd-division/country:ca/province:on/ed:toronto_centre-2004,"Toronto Centre","Toronto Centre","Elections Ontario",35109,ocd-division/country:ca/ed:35109-2023,Toronto-Centre,"Toronto Centre","Federal Redistribution"
Canada,M1K2B5,43.728016,-79.26724,1,place,,,"Scarborough, ON M1K",,,,,Scarborough,ON,,M1K,CA,"CanVec+ by Natural Resources Canada",,3520,Toronto,CDR,"Census division / Division de recensement CT County / Comté",3520005,Toronto,3520005,Toronto,C,"City / Cité",Toronto,535,"CMA or CA",1,"Census subdivision within census metropolitan area",535,Toronto,B,"Census metropolitan area (CMA)",5350346.01,2021,ocd-division/country:ca/province:on/ed:98-2015,"Scarborough Southwest","Scarborough Southwest","Elections Ontario",35096,ocd-division/country:ca/ed:35096-2023,Scarborough-Sud-Ouest,"Scarborough Southwest","Federal Redistribution"
Canada,M5V1A3,43.636492,-79.398741,1,place,,,"Toronto, ON M5V",,,,,Toronto,ON,,M5V,CA,"CanVec+ by Natural Resources Canada",,3520,Toronto,CDR,"Census division / Division de recensement CT County / Comté",3520005,Toronto,3520005,Toronto,C,"City / Cité",Toronto,535,"CMA or CA",1,"Census subdivision within census metropolitan area",535,Toronto,B,"Census metropolitan area (CMA)",5350012.01,2021,ocd-division/country:ca/province:on/ed:spadina-fort_york,"Spadina - Fort York","Spadina - Fort York","Elections Ontario",35100,ocd-division/country:ca/ed:35100-2023,Spadina—Harbourfront,Spadina—Harbourfront,"Federal Redistribution"
Canada,M1E2S2,43.766632,-79.192264,1,place,,,"Scarborough, ON M1E",,,,,Scarborough,ON,,M1E,CA,"CanVec+ by Natural Resources Canada",,3520,Toronto,CDR,"Census division / Division de recensement CT County / Comté",3520005,Toronto,3520005,Toronto,C,"City / Cité",Toronto,535,"CMA or CA",1,"Census subdivision within census metropolitan area",535,Toronto,B,"Census metropolitan area (CMA)",5350358.03,2021,ocd-division/country:ca/province:on/ed:scarborough-guildwood,"Scarborough - Guildwood","Scarborough - Guildwood","Elections Ontario",35094,ocd-division/country:ca/ed:35094-2023,"Scarborough—Guildwood—Rouge Park","Scarborough—Guildwood—Rouge Park","Federal Redistribution"
Canada,M1R2T5,43.765535,-79.29974,1,place,,,"Scarborough, ON M1R",,,,,Scarborough,ON,,M1R,CA,"CanVec+ by Natural Resources Canada",,3520,Toronto,CDR,"Census division / Division de recensement CT County / Comté",3520005,Toronto,3520005,Toronto,C,"City / Cité",Toronto,535,"CMA or CA",1,"Census subdivision within census metropolitan area",535,Toronto,B,"Census metropolitan area (CMA)",5350371.00,2021,ocd-division/country:ca/province:on/ed:94-2015,"Scarborough Centre","Scarborough Centre","Elections Ontario",35093,ocd-division/country:ca/ed:35093-2023,"Scarborough-Centre—Don Valley-Est","Scarborough Centre—Don Valley East","Federal Redistribution"
Canada,M2M3T3,43.785539,-79.417479,1,place,,,"North York, ON M2M",,,,,"North York",ON,,M2M,CA,"CanVec+ by Natural Resources Canada",,3520,Toronto,CDR,"Census division / Division de recensement CT County / Comté",3520005,Toronto,3520005,Toronto,C,"City / Cité",Toronto,535,"CMA or CA",1,"Census subdivision within census metropolitan area",535,Toronto,B,"Census metropolitan area (CMA)",5350318.02,2021,ocd-division/country:ca/province:on/ed:117-2015,Willowdale,Willowdale,"Elections Ontario",35117,ocd-division/country:ca/ed:35117-2023,Willowdale,Willowdale,"Federal Redistribution"
Canada,M1T3G2,43.777508,-79.28273,1,place,,,"Scarborough, ON M1T",,,,,Scarborough,ON,,M1T,CA,"CanVec+ by Natural Resources Canada",,3520,Toronto,CDR,"Census division / Division de recensement CT County / Comté",3520005,Toronto,3520005,Toronto,C,"City / Cité",Toronto,535,"CMA or CA",1,"Census subdivision within census metropolitan area",535,Toronto,B,"Census metropolitan area (CMA)",5350377.09,2021,ocd-division/country:ca/province:on/ed:scarborough-agincourt,"Scarborough - Agincourt","Scarborough - Agincourt","Elections Ontario",35092,ocd-division/country:ca/ed:35092-2023,Scarborough—Agincourt,Scarborough—Agincourt,"Federal Redistribution"
Canada,M2H3H9,43.801932,-79.341859,1,place,,,"North York, ON M2H",,,,,"North York",ON,,M2H,CA,"CanVec+ by Natural Resources Canada",,3520,Toronto,CDR,"Census division / Division de recensement CT County / Comté",3520005,Toronto,3520005,Toronto,C,"City / Cité",Toronto,535,"CMA or CA",1,"Census subdivision within census metropolitan area",535,Toronto,B,"Census metropolitan area (CMA)",5350324.03,2021,ocd-division/country:ca/province:on/ed:don_valley_north-2015,"Don Valley North","Don Valley North","Elections Ontario",35092,ocd-division/country:ca/ed:35092-2023,Scarborough—Agincourt,Scarborough—Agincourt,"Federal Redistribution"
Canada,M1K1M2,43.718014,-79.25624,1,place,,,"Scarborough, ON M1K",,,,,Scarborough,ON,,M1K,CA,"CanVec+ by Natural Resources Canada",,3520,Toronto,CDR,"Census division / Division de recensement CT County / Comté",3520005,Toronto,3520005,Toronto,C,"City / Cité",Toronto,535,"CMA or CA",1,"Census subdivision within census metropolitan area",535,Toronto,B,"Census metropolitan area (CMA)",5350345.00,2021,ocd-division/country:ca/province:on/ed:98-2015,"Scarborough Southwest","Scarborough Southwest","Elections Ontario",35096,ocd-division/country:ca/ed:35096-2023,Scarborough-Sud-Ouest,"Scarborough Southwest","Federal Redistribution"
Canada,M6E4X3,43.689508,-79.462886,1,place,,,"York, ON M6E",,,,,York,ON,,M6E,CA,"CanVec+ by Natural Resources Canada",,3520,Toronto,CDR,"Census division / Division de recensement CT County / Comté",3520005,Toronto,3520005,Toronto,C,"City / Cité",Toronto,535,"CMA or CA",1,"Census subdivision within census metropolitan area",535,Toronto,B,"Census metropolitan area (CMA)",5350160.00,2021,ocd-division/country:ca/province:on/ed:19-2015,Davenport,Davenport,"Elections Ontario",35022,ocd-division/country:ca/ed:35022-2023,Davenport,Davenport,"Federal Redistribution"
Canada,M4K3W5,43.690552,-79.349563,1,place,,,"East York, ON M4K",,,,,"East York",ON,,M4K,CA,"CanVec+ by Natural Resources Canada",,3520,Toronto,CDR,"Census division / Division de recensement CT County / Comté",3520005,Toronto,3520005,Toronto,C,"City / Cité",Toronto,535,"CMA or CA",1,"Census subdivision within census metropolitan area",535,Toronto,B,"Census metropolitan area (CMA)",5350185.02,2021,ocd-division/country:ca/province:on/ed:toronto-danforth,"Toronto - Danforth","Toronto - Danforth","Elections Ontario",35110,ocd-division/country:ca/ed:35110-2023,Toronto—Danforth,Toronto—Danforth,"Federal Redistribution"
Canada,M4W2N1,43.672106,-79.384399,1,place,,,"Toronto, ON M4W",,,,,Toronto,ON,,M4W,CA,"CanVec+ by Natural Resources Canada",,3520,Toronto,CDR,"Census division / Division de recensement CT County / Comté",3520005,Toronto,3520005,Toronto,C,"City / Cité",Toronto,535,"CMA or CA",1,"Census subdivision within census metropolitan area",535,Toronto,B,"Census metropolitan area (CMA)",5350088.00,2021,ocd-division/country:ca/province:on/ed:university-rosedale,"University - Rosedale","University - Rosedale","Elections Ontario",35112,ocd-division/country:ca/ed:35112-2023,University—Rosedale,University—Rosedale,"Federal Redistribution"
Canada,M6G2N1,43.681221,-79.418054,1,place,,,"Toronto, ON M6G",,,,,Toronto,ON,,M6G,CA,"CanVec+ by Natural Resources Canada",,3520,Toronto,CDR,"Census division / Division de recensement CT County / Comté",3520005,Toronto,3520005,Toronto,C,"City / Cité",Toronto,535,"CMA or CA",1,"Census subdivision within census metropolitan area",535,Toronto,B,"Census metropolitan area (CMA)",5350116.00,2021,ocd-division/country:ca/province:on/ed:toronto-st._paul~s,"Toronto - St. Paul's","Toronto - St. Paul's","Elections Ontario",35111,ocd-division/country:ca/ed:35111-2023,"Toronto—St. Paul's","Toronto—St. Paul's","Federal Redistribution"
Canada,M6G2C4,43.681834,-79.418872,1,place,,,"Toronto, ON M6G",,,,,Toronto,ON,,M6G,CA,"CanVec+ by Natural Resources Canada",,3520,Toronto,CDR,"Census division / Division de recensement CT County / Comté",3520005,Toronto,3520005,Toronto,C,"City / Cité",Toronto,535,"CMA or CA",1,"Census subdivision within census metropolitan area",535,Toronto,B,"Census metropolitan area (CMA)",5350116.00,2021,ocd-division/country:ca/province:on/ed:toronto-st._paul~s,"Toronto - St. Paul's","Toronto - St. Paul's","Elections Ontario",35111,ocd-division/country:ca/ed:35111-2023,"Toronto—St. Paul's","Toronto—St. Paul's","Federal Redistribution"
Canada,M5S2P9,43.65683,-79.408162,1,place,,,"Toronto, ON M5S",,,,,Toronto,ON,,M5S,CA,"CanVec+ by Natural Resources Canada",,3520,Toronto,CDR,"Census division / Division de recensement CT County / Comté",3520005,Toronto,3520005,Toronto,C,"City / Cité",Toronto,535,"CMA or CA",1,"Census subdivision within census metropolitan area",535,Toronto,B,"Census metropolitan area (CMA)",5350058.00,2021,ocd-division/country:ca/province:on/ed:university-rosedale,"University - Rosedale","University - Rosedale","Elections Ontario",35112,ocd-division/country:ca/ed:35112-2023,University—Rosedale,University—Rosedale,"Federal Redistribution"
Canada,M5R2T1,43.669166,-79.404616,1,place,,,"Toronto, ON M5R",,,,,Toronto,ON,,M5R,CA,"CanVec+ by Natural Resources Canada",,3520,Toronto,CDR,"Census division / Division de recensement CT County / Comté",3520005,Toronto,3520005,Toronto,C,"City / Cité",Toronto,535,"CMA or CA",1,"Census subdivision within census metropolitan area",535,Toronto,B,"Census metropolitan area (CMA)",5350091.01,2021,ocd-division/country:ca/province:on/ed:university-rosedale,"University - Rosedale","University - Rosedale","Elections Ontario",35112,ocd-division/country:ca/ed:35112-2023,University—Rosedale,University—Rosedale,"Federal Redistribution"
Canada,M6H1L6,43.661616,-79.428775,1,place,,,"Toronto, ON M6H",,,,,Toronto,ON,,M6H,CA,"CanVec+ by Natural Resources Canada",,3520,Toronto,CDR,"Census division / Division de recensement CT County / Comté",3520005,Toronto,3520005,Toronto,C,"City / Cité",Toronto,535,"CMA or CA",1,"Census subdivision within census metropolitan area",535,Toronto,B,"Census metropolitan area (CMA)",5350095.00,2021,ocd-division/country:ca/province:on/ed:19-2015,Davenport,Davenport,"Elections Ontario",35022,ocd-division/country:ca/ed:35022-2023,Davenport,Davenport,"Federal Redistribution"
Canada,M4M2V8,43.662828,-79.338589,1,place,,,"Toronto, ON M4M",,,,,Toronto,ON,,M4M,CA,"CanVec+ by Natural Resources Canada",,3520,Toronto,CDR,"Census division / Division de recensement CT County / Comté",3520005,Toronto,3520005,Toronto,C,"City / Cité",Toronto,535,"CMA or CA",1,"Census subdivision within census metropolitan area",535,Toronto,B,"Census metropolitan area (CMA)",5350028.02,2021,ocd-division/country:ca/province:on/ed:toronto-danforth,"Toronto - Danforth","Toronto - Danforth","Elections Ontario",35110,ocd-division/country:ca/ed:35110-2023,Toronto—Danforth,Toronto—Danforth,"Federal Redistribution"
Canada,M8Y1A3,43.618215,-79.497307,1,place,,,"Etobicoke, ON M8Y",,,,,Etobicoke,ON,,M8Y,CA,"CanVec+ by Natural Resources Canada",,3520,Toronto,CDR,"Census division / Division de recensement CT County / Comté",3520005,Toronto,3520005,Toronto,C,"City / Cité",Toronto,535,"CMA or CA",1,"Census subdivision within census metropolitan area",535,Toronto,B,"Census metropolitan area (CMA)",5350209.00,2021,ocd-division/country:ca/province:on/ed:etobicoke-lakeshore,"Etobicoke - Lakeshore","Etobicoke - Lakeshore","Elections Ontario",35030,ocd-division/country:ca/ed:35030-2023,Etobicoke—Lakeshore,Etobicoke—Lakeshore,"Federal Redistribution"
Canada,M5B1G6,43.660145,-79.378408,1,place,,,"Toronto, ON M5B",,,,,Toronto,ON,,M5B,CA,"CanVec+ by Natural Resources Canada",,3520,Toronto,CDR,"Census division / Division de recensement CT County / Comté",3520005,Toronto,3520005,Toronto,C,"City / Cité",Toronto,535,"CMA or CA",1,"Census subdivision within census metropolitan area",535,Toronto,B,"Census metropolitan area (CMA)",5350034.01,2021,ocd-division/country:ca/province:on/ed:toronto_centre-2004,"Toronto Centre","Toronto Centre","Elections Ontario",35109,ocd-division/country:ca/ed:35109-2023,Toronto-Centre,"Toronto Centre","Federal Redistribution"
Canada,M2M3S3,43.797412,-79.395262,1,place,,,"North York, ON M2M",,,,,"North York",ON,,M2M,CA,"CanVec+ by Natural Resources Canada",,3520,Toronto,CDR,"Census division / Division de recensement CT County / Comté",3520005,Toronto,3520005,Toronto,C,"City / Cité",Toronto,535,"CMA or CA",1,"Census subdivision within census metropolitan area",535,Toronto,B,"Census metropolitan area (CMA)",5350321.02,2021,ocd-division/country:ca/province:on/ed:117-2015,Willowdale,Willowdale,"Elections Ontario",35117,ocd-division/country:ca/ed:35117-2023,Willowdale,Willowdale,"Federal Redistribution"
Canada,M6K1E9,43.639016,-79.423233,1,place,,,"Toronto, ON M6K",,,,,Toronto,ON,,M6K,CA,"CanVec+ by Natural Resources Canada",,3520,Toronto,CDR,"Census division / Division de recensement CT County / Comté",3520005,Toronto,3520005,Toronto,C,"City / Cité",Toronto,535,"CMA or CA",1,"Census subdivision within census metropolitan area",535,Toronto,B,"Census metropolitan area (CMA)",5350007.02,2021,ocd-division/country:ca/province:on/ed:spadina-fort_york,"Spadina - Fort York","Spadina - Fort York","Elections Ontario",35105,ocd-division/country:ca/ed:35105-2023,"Taiaiako'n—Parkdale—High Park","Taiaiako'n—Parkdale—High Park","Federal Redistribution"
Canada,M4X1L4,43.671127,-79.377089,1,place,,,"Toronto, ON M4X",,,,,Toronto,ON,,M4X,CA,"CanVec+ by Natural Resources Canada",,3520,Toronto,CDR,"Census division / Division de recensement CT County / Comté",3520005,Toronto,3520005,Toronto,C,"City / Cité",Toronto,535,"CMA or CA",1,"Census subdivision within census metropolitan area",535,Toronto,B,"Census metropolitan area (CMA)",5350064.00,2021,ocd-division/country:ca/province:on/ed:toronto_centre-2004,"Toronto Centre","Toronto Centre","Elections Ontario",35109,ocd-division/country:ca/ed:35109-2023,Toronto-Centre,"Toronto Centre","Federal Redistribution"
Canada,M5A2N9,43.658632,-79.372379,1,place,,,"Toronto, ON M5A",,,,,Toronto,ON,,M5A,CA,"CanVec+ by Natural Resources Canada",,3520,Toronto,CDR,"Census division / Division de recensement CT County / Comté",3520005,Toronto,3520005,Toronto,C,"City / Cité",Toronto,535,"CMA or CA",1,"Census subdivision within census metropolitan area",535,Toronto,B,"Census metropolitan area (CMA)",5350032.00,2021,ocd-division/country:ca/province:on/ed:toronto_centre-2004,"Toronto Centre","Toronto Centre","Elections Ontario",35109,ocd-division/country:ca/ed:35109-2023,Toronto-Centre,"Toronto Centre","Federal Redistribution"
Canada,M5B1G3,43.659891,-79.380218,1,place,,,"Toronto, ON M5B",,,,,Toronto,ON,,M5B,CA,"CanVec+ by Natural Resources Canada",,3520,Toronto,CDR,"Census division / Division de recensement CT County / Comté",3520005,Toronto,3520005,Toronto,C,"City / Cité",Toronto,535,"CMA or CA",1,"Census subdivision within census metropolitan area",535,Toronto,B,"Census metropolitan area (CMA)",5350034.01,2021,ocd-division/country:ca/province:on/ed:toronto_centre-2004,"Toronto Centre","Toronto Centre","Elections Ontario",35109,ocd-division/country:ca/ed:35109-2023,Toronto-Centre,"Toronto Centre","Federal Redistribution"
Canada,M5T2V5,43.650912,-79.401398,1,place,,,"Toronto, ON M5T",,,,,Toronto,ON,,M5T,CA,"CanVec+ by Natural Resources Canada",,3520,Toronto,CDR,"Census division / Division de recensement CT County / Comté",3520005,Toronto,3520005,Toronto,C,"City / Cité",Toronto,535,"CMA or CA",1,"Census subdivision within census metropolitan area",535,Toronto,B,"Census metropolitan area (CMA)",5350039.00,2021,ocd-division/country:ca/province:on/ed:spadina-fort_york,"Spadina - Fort York","Spadina - Fort York","Elections Ontario",35112,ocd-division/country:ca/ed:35112-2023,University—Rosedale,University—Rosedale,"Federal Redistribution"
Canada,M5A2V2,43.654108,-79.366508,1,place,,,"Toronto, ON M5A",,,,,Toronto,ON,,M5A,CA,"CanVec+ by Natural Resources Canada",,3520,Toronto,CDR,"Census division / Division de recensement CT County / Comté",3520005,Toronto,3520005,Toronto,C,"City / Cité",Toronto,535,"CMA or CA",1,"Census subdivision within census metropolitan area",535,Toronto,B,"Census metropolitan area (CMA)",5350016.00,2021,ocd-division/country:ca/province:on/ed:toronto_centre-2004,"Toronto Centre","Toronto Centre","Elections Ontario",35109,ocd-division/country:ca/ed:35109-2023,Toronto-Centre,"Toronto Centre","Federal Redistribution"
Canada,M6P1Y5,43.665665,-79.463205,1,place,,,"Toronto, ON M6P",,,,,Toronto,ON,,M6P,CA,"CanVec+ by Natural Resources Canada",,3520,Toronto,CDR,"Census division / Division de recensement CT County / Comté",3520005,Toronto,3520005,Toronto,C,"City / Cité",Toronto,535,"CMA or CA",1,"Census subdivision within census metropolitan area",535,Toronto,B,"Census metropolitan area (CMA)",5350100.00,2021,ocd-division/country:ca/province:on/ed:parkdale-high_park,"Parkdale - High Park","Parkdale - High Park","Elections Ontario",35105,ocd-division/country:ca/ed:35105-2023,"Taiaiako'n—Parkdale—High Park","Taiaiako'n—Parkdale—High Park","Federal Redistribution"
Canada,M3N1X1,43.75729,-79.529879,1,place,,,"North York, ON M3N",,,,,"North York",ON,,M3N,CA,"CanVec+ by Natural Resources Canada",,3520,Toronto,CDR,"Census division / Division de recensement CT County / Comté",3520005,Toronto,3520005,Toronto,C,"City / Cité",Toronto,535,"CMA or CA",1,"Census subdivision within census metropolitan area",535,Toronto,B,"Census metropolitan area (CMA)",5350316.01,2021,ocd-division/country:ca/province:on/ed:humber_river-black_creek,"Humber River - Black Creek","Humber River - Black Creek","Elections Ontario",35041,ocd-division/country:ca/ed:35041-2023,"Humber River—Black Creek","Humber River—Black Creek","Federal Redistribution"
Canada,M5C2H4,43.651934,-79.372223,1,place,,,"Toronto, ON M5C",,,,,Toronto,ON,,M5C,CA,"CanVec+ by Natural Resources Canada",,3520,Toronto,CDR,"Census division / Division de recensement CT County / Comté",3520005,Toronto,3520005,Toronto,C,"City / Cité",Toronto,535,"CMA or CA",1,"Census subdivision within census metropolitan area",535,Toronto,B,"Census metropolitan area (CMA)",5350016.00,2021,ocd-division/country:ca/province:on/ed:toronto_centre-2004,"Toronto Centre","Toronto Centre","Elections Ontario",35109,ocd-division/country:ca/ed:35109-2023,Toronto-Centre,"Toronto Centre","Federal Redistribution"
Canada,M1H2Z1,43.782643,-79.234917,1,place,,,"Scarborough, ON M1H",,,,,Scarborough,ON,,M1H,CA,"CanVec+ by Natural Resources Canada",,3520,Toronto,CDR,"Census division / Division de recensement CT County / Comté",3520005,Toronto,3520005,Toronto,C,"City / Cité",Toronto,535,"CMA or CA",1,"Census subdivision within census metropolitan area",535,Toronto,B,"Census metropolitan area (CMA)",5350363.07,2021,ocd-division/country:ca/province:on/ed:scarborough-guildwood,"Scarborough - Guildwood","Scarborough - Guildwood","Elections Ontario",35097,ocd-division/country:ca/ed:35097-2023,Scarborough—Woburn,Scarborough—Woburn,"Federal Redistribution"
Canada,M5A2R5,43.655505,-79.369442,1,place,,,"Toronto, ON M5A",,,,,Toronto,ON,,M5A,CA,"CanVec+ by Natural Resources Canada",,3520,Toronto,CDR,"Census division / Division de recensement CT County / Comté",3520005,Toronto,3520005,Toronto,C,"City / Cité",Toronto,535,"CMA or CA",1,"Census subdivision within census metropolitan area",535,Toronto,B,"Census metropolitan area (CMA)",5350033.00,2021,ocd-division/country:ca/province:on/ed:toronto_centre-2004,"Toronto Centre","Toronto Centre","Elections Ontario",35109,ocd-division/country:ca/ed:35109-2023,Toronto-Centre,"Toronto Centre","Federal Redistribution"
Canada,M4M3C3,43.662385,-79.329622,1,place,,,"Toronto, ON M4M",,,,,Toronto,ON,,M4M,CA,"CanVec+ by Natural Resources Canada",,3520,Toronto,CDR,"Census division / Division de recensement CT County / Comté",3520005,Toronto,3520005,Toronto,C,"City / Cité",Toronto,535,"CMA or CA",1,"Census subdivision within census metropolitan area",535,Toronto,B,"Census metropolitan area (CMA)",5350026.00,2021,ocd-division/country:ca/province:on/ed:toronto-danforth,"Toronto - Danforth","Toronto - Danforth","Elections Ontario",35110,ocd-division/country:ca/ed:35110-2023,Toronto—Danforth,Toronto—Danforth,"Federal Redistribution"
Canada,M9V2X6,43.738403,-79.565283,1,place,,,"Etobicoke, ON M9V",,,,,Etobicoke,ON,,M9V,CA,"CanVec+ by Natural Resources Canada",,3520,Toronto,CDR,"Census division / Division de recensement CT County / Comté",3520005,Toronto,3520005,Toronto,C,"City / Cité",Toronto,535,"CMA or CA",1,"Census subdivision within census metropolitan area",535,Toronto,B,"Census metropolitan area (CMA)",5350250.02,2021,ocd-division/country:ca/province:on/ed:30-2015,"Etobicoke North","Etobicoke North","Elections Ontario",35031,ocd-division/country:ca/ed:35031-2023,Etobicoke-Nord,"Etobicoke North","Federal Redistribution"
Canada,M5T1J5,43.654007,-79.398743,1,place,,,"Toronto, ON M5T",,,,,Toronto,ON,,M5T,CA,"CanVec+ by Natural Resources Canada",,3520,Toronto,CDR,"Census division / Division de recensement CT County / Comté",3520005,Toronto,3520005,Toronto,C,"City / Cité",Toronto,535,"CMA or CA",1,"Census subdivision within census metropolitan area",535,Toronto,B,"Census metropolitan area (CMA)",5350038.00,2021,ocd-division/country:ca/province:on/ed:university-rosedale,"University - Rosedale","University - Rosedale","Elections Ontario",35112,ocd-division/country:ca/ed:35112-2023,University—Rosedale,University—Rosedale,"Federal Redistribution"
Canada,M5S2H1,43.658375,-79.401264,1,place,,,"Toronto, ON M5S",,,,,Toronto,ON,,M5S,CA,"CanVec+ by Natural Resources Canada",,3520,Toronto,CDR,"Census division / Division de recensement CT County / Comté",3520005,Toronto,3520005,Toronto,C,"City / Cité",Toronto,535,"CMA or CA",1,"Census subdivision within census metropolitan area",535,Toronto,B,"Census metropolitan area (CMA)",5350059.00,2021,ocd-division/country:ca/province:on/ed:university-rosedale,"University - Rosedale","University - Rosedale","Elections Ontario",35112,ocd-division/country:ca/ed:35112-2023,University—Rosedale,University—Rosedale,"Federal Redistribution"
Canada,M5R2T9,43.674544,-79.406714,1,place,,,"Toronto, ON M5R",,,,,Toronto,ON,,M5R,CA,"CanVec+ by Natural Resources Canada",,3520,Toronto,CDR,"Census division / Division de recensement CT County / Comté",3520005,Toronto,3520005,Toronto,C,"City / Cité",Toronto,535,"CMA or CA",1,"Census subdivision within census metropolitan area",535,Toronto,B,"Census metropolitan area (CMA)",5350091.02,2021,ocd-division/country:ca/province:on/ed:university-rosedale,"University - Rosedale","University - Rosedale","Elections Ontario",35112,ocd-division/country:ca/ed:35112-2023,University—Rosedale,University—Rosedale,"Federal Redistribution"
Canada,M4Y2X9,43.665864,-79.379215,1,place,,,"Toronto, ON M4Y",,,,,Toronto,ON,,M4Y,CA,"CanVec+ by Natural Resources Canada",,3520,Toronto,CDR,"Census division / Division de recensement CT County / Comté",3520005,Toronto,3520005,Toronto,C,"City / Cité",Toronto,535,"CMA or CA",1,"Census subdivision within census metropolitan area",535,Toronto,B,"Census metropolitan area (CMA)",5350063.04,2021,ocd-division/country:ca/province:on/ed:toronto_centre-2004,"Toronto Centre","Toronto Centre","Elections Ontario",35109,ocd-division/country:ca/ed:35109-2023,Toronto-Centre,"Toronto Centre","Federal Redistribution"
Canada,M4M2M5,43.659998,-79.343237,1,place,,,"Toronto, ON M4M",,,,,Toronto,ON,,M4M,CA,"CanVec+ by Natural Resources Canada",,3520,Toronto,CDR,"Census division / Division de recensement CT County / Comté",3520005,Toronto,3520005,Toronto,C,"City / Cité",Toronto,535,"CMA or CA",1,"Census subdivision within census metropolitan area",535,Toronto,B,"Census metropolitan area (CMA)",5350018.00,2021,ocd-division/country:ca/province:on/ed:toronto-danforth,"Toronto - Danforth","Toronto - Danforth","Elections Ontario",35110,ocd-division/country:ca/ed:35110-2023,Toronto—Danforth,Toronto—Danforth,"Federal Redistribution"
Canada,M5T2V9,43.648825,-79.398308,1,place,,,"Toronto, ON M5T",,,,,Toronto,ON,,M5T,CA,"CanVec+ by Natural Resources Canada",,3520,Toronto,CDR,"Census division / Division de recensement CT County / Comté",3520005,Toronto,3520005,Toronto,C,"City / Cité",Toronto,535,"CMA or CA",1,"Census subdivision within census metropolitan area",535,Toronto,B,"Census metropolitan area (CMA)",5350039.00,2021,ocd-division/country:ca/province:on/ed:spadina-fort_york,"Spadina - Fort York","Spadina - Fort York","Elections Ontario",35112,ocd-division/country:ca/ed:35112-2023,University—Rosedale,University—Rosedale,"Federal Redistribution"
Canada,M5R2W7,43.667902,-79.405623,1,place,,,"Toronto, ON M5R",,,,,Toronto,ON,,M5R,CA,"CanVec+ by Natural Resources Canada",,3520,Toronto,CDR,"Census division / Division de recensement CT County / Comté",3520005,Toronto,3520005,Toronto,C,"City / Cité",Toronto,535,"CMA or CA",1,"Census subdivision within census metropolitan area",535,Toronto,B,"Census metropolitan area (CMA)",5350092.00,2021,ocd-division/country:ca/province:on/ed:university-rosedale,"University - Rosedale","University - Rosedale","Elections Ontario",35112,ocd-division/country:ca/ed:35112-2023,University—Rosedale,University—Rosedale,"Federal Redistribution"
Canada,M4T1C1,43.684791,-79.389714,1,place,,,"Toronto, ON M4T",,,,,Toronto,ON,,M4T,CA,"CanVec+ by Natural Resources Canada",,3520,Toronto,CDR,"Census division / Division de recensement CT County / Comté",3520005,Toronto,3520005,Toronto,C,"City / Cité",Toronto,535,"CMA or CA",1,"Census subdivision within census metropolitan area",535,Toronto,B,"Census metropolitan area (CMA)",5350124.00,2021,ocd-division/country:ca/province:on/ed:university-rosedale,"University - Rosedale","University - Rosedale","Elections Ontario",35111,ocd-division/country:ca/ed:35111-2023,"Toronto—St. Paul's","Toronto—St. Paul's","Federal Redistribution"
Canada,M5R1K6,43.674948,-79.400812,1,place,,,"Toronto, ON M5R",,,,,Toronto,ON,,M5R,CA,"CanVec+ by Natural Resources Canada",,3520,Toronto,CDR,"Census division / Division de recensement CT County / Comté",3520005,Toronto,3520005,Toronto,C,"City / Cité",Toronto,535,"CMA or CA",1,"Census subdivision within census metropolitan area",535,Toronto,B,"Census metropolitan area (CMA)",5350091.02,2021,ocd-division/country:ca/province:on/ed:university-rosedale,"University - Rosedale","University - Rosedale","Elections Ontario",35112,ocd-division/country:ca/ed:35112-2023,University—Rosedale,University—Rosedale,"Federal Redistribution"
Canada,M9V1P9,43.736603,-79.580764,1,place,,,"Etobicoke, ON M9V",,,,,Etobicoke,ON,,M9V,CA,"CanVec+ by Natural Resources Canada",,3520,Toronto,CDR,"Census division / Division de recensement CT County / Comté",3520005,Toronto,3520005,Toronto,C,"City / Cité",Toronto,535,"CMA or CA",1,"Census subdivision within census metropolitan area",535,Toronto,B,"Census metropolitan area (CMA)",5350248.02,2021,ocd-division/country:ca/province:on/ed:30-2015,"Etobicoke North","Etobicoke North","Elections Ontario",35031,ocd-division/country:ca/ed:35031-2023,Etobicoke-Nord,"Etobicoke North","Federal Redistribution"
Canada,M1L4A1,43.717042,-79.283625,1,place,,,"Scarborough, ON M1L",,,,,Scarborough,ON,,M1L,CA,"CanVec+ by Natural Resources Canada",,3520,Toronto,CDR,"Census division / Division de recensement CT County / Comté",3520005,Toronto,3520005,Toronto,C,"City / Cité",Toronto,535,"CMA or CA",1,"Census subdivision within census metropolitan area",535,Toronto,B,"Census metropolitan area (CMA)",5350348.00,2021,ocd-division/country:ca/province:on/ed:98-2015,"Scarborough Southwest","Scarborough Southwest","Elections Ontario",35096,ocd-division/country:ca/ed:35096-2023,Scarborough-Sud-Ouest,"Scarborough Southwest","Federal Redistribution"
Canada,M5T1N6,43.656278,-79.399043,1,place,,,"Toronto, ON M5T",,,,,Toronto,ON,,M5T,CA,"CanVec+ by Natural Resources Canada",,3520,Toronto,CDR,"Census division / Division de recensement CT County / Comté",3520005,Toronto,3520005,Toronto,C,"City / Cité",Toronto,535,"CMA or CA",1,"Census subdivision within census metropolitan area",535,Toronto,B,"Census metropolitan area (CMA)",5350037.00,2021,ocd-division/country:ca/province:on/ed:university-rosedale,"University - Rosedale","University - Rosedale","Elections Ontario",35112,ocd-division/country:ca/ed:35112-2023,University—Rosedale,University—Rosedale,"Federal Redistribution"
Canada,M5V3C6,43.646162,-79.388935,1,place,,,"Toronto, ON M5V",,,,,Toronto,ON,,M5V,CA,"CanVec+ by Natural Resources Canada",,3520,Toronto,CDR,"Census division / Division de recensement CT County / Comté",3520005,Toronto,3520005,Toronto,C,"City / Cité",Toronto,535,"CMA or CA",1,"Census subdivision within census metropolitan area",535,Toronto,B,"Census metropolitan area (CMA)",5350011.03,2021,ocd-division/country:ca/province:on/ed:spadina-fort_york,"Spadina - Fort York","Spadina - Fort York","Elections Ontario",35100,ocd-division/country:ca/ed:35100-2023,Spadina—Harbourfront,Spadina—Harbourfront,"Federal Redistribution"
Canada,M9W1J,0,0,0,,,,,"Could not geocode address. No matches found.",,,,,,,,,,,,,,,,,,,,,,,,,,,,,,,,,,,,,,,,
Canada,M9C5K5,43.651206,-79.602365,1,place,,,"Etobicoke, ON M9C",,,,,Etobicoke,ON,,M9C,CA,"CanVec+ by Natural Resources Canada",,3520,Toronto,CDR,"Census division / Division de recensement CT County / Comté",3520005,Toronto,3520005,Toronto,C,"City / Cité",Toronto,535,"CMA or CA",1,"Census subdivision within census metropolitan area",535,Toronto,B,"Census metropolitan area (CMA)",5350236.02,2021,ocd-division/country:ca/province:on/ed:28-2015,"Etobicoke Centre","Etobicoke Centre","Elections Ontario",35029,ocd-division/country:ca/ed:35029-2023,Etobicoke-Centre,"Etobicoke Centre","Federal Redistribution"
Canada,M5R2S5,43.674545,-79.405982,1,place,,,"Toronto, ON M5R",,,,,Toronto,ON,,M5R,CA,"CanVec+ by Natural Resources Canada",,3520,Toronto,CDR,"Census division / Division de recensement CT County / Comté",3520005,Toronto,3520005,Toronto,C,"City / Cité",Toronto,535,"CMA or CA",1,"Census subdivision within census metropolitan area",535,Toronto,B,"Census metropolitan area (CMA)",5350091.02,2021,ocd-division/country:ca/province:on/ed:university-rosedale,"University - Rosedale","University - Rosedale","Elections Ontario",35112,ocd-division/country:ca/ed:35112-2023,University—Rosedale,University—Rosedale,"Federal Redistribution"
Canada,M6P1X2,43.657448,-79.453035,1,place,,,"Toronto, ON M6P",,,,,Toronto,ON,,M6P,CA,"CanVec+ by Natural Resources Canada",,3520,Toronto,CDR,"Census division / Division de recensement CT County / Comté",3520005,Toronto,3520005,Toronto,C,"City / Cité",Toronto,535,"CMA or CA",1,"Census subdivision within census metropolitan area",535,Toronto,B,"Census metropolitan area (CMA)",5350099.00,2021,ocd-division/country:ca/province:on/ed:parkdale-high_park,"Parkdale - High Park","Parkdale - High Park","Elections Ontario",35105,ocd-division/country:ca/ed:35105-2023,"Taiaiako'n—Parkdale—High Park","Taiaiako'n—Parkdale—High Park","Federal Redistribution"
Canada,M8V3H9,43.600689,-79.513836,1,place,,,"Etobicoke, ON M8V",,,,,Etobicoke,ON,,M8V,CA,"CanVec+ by Natural Resources Canada",,3520,Toronto,CDR,"Census division / Division de recensement CT County / Comté",3520005,Toronto,3520005,Toronto,C,"City / Cité",Toronto,535,"CMA or CA",1,"Census subdivision within census metropolitan area",535,Toronto,B,"Census metropolitan area (CMA)",5350207.00,2021,ocd-division/country:ca/province:on/ed:etobicoke-lakeshore,"Etobicoke - Lakeshore","Etobicoke - Lakeshore","Elections Ontario",35030,ocd-division/country:ca/ed:35030-2023,Etobicoke—Lakeshore,Etobicoke—Lakeshore,"Federal Redistribution"
Canada,M4M3G9,43.660444,-79.34533,1,place,,,"Toronto, ON M4M",,,,,Toronto,ON,,M4M,CA,"CanVec+ by Natural Resources Canada",,3520,Toronto,CDR,"Census division / Division de recensement CT County / Comté",3520005,Toronto,3520005,Toronto,C,"City / Cité",Toronto,535,"CMA or CA",1,"Census subdivision within census metropolitan area",535,Toronto,B,"Census metropolitan area (CMA)",5350028.01,2021,ocd-division/country:ca/province:on/ed:toronto-danforth,"Toronto - Danforth","Toronto - Danforth","Elections Ontario",35110,ocd-division/country:ca/ed:35110-2023,Toronto—Danforth,Toronto—Danforth,"Federal Redistribution"
Canada,M3N0E3,0,0,0,,,,,"Could not geocode address. No matches found.",,,,,,,,,,,,,,,,,,,,,,,,,,,,,,,,,,,,,,,,
Canada,M5A2K9,43.66351,-79.370201,1,place,,,"Toronto, ON M5A",,,,,Toronto,ON,,M5A,CA,"CanVec+ by Natural Resources Canada",,3520,Toronto,CDR,"Census division / Division de recensement CT County / Comté",3520005,Toronto,3520005,Toronto,C,"City / Cité",Toronto,535,"CMA or CA",1,"Census subdivision within census metropolitan area",535,Toronto,B,"Census metropolitan area (CMA)",5350032.00,2021,ocd-division/country:ca/province:on/ed:toronto_centre-2004,"Toronto Centre","Toronto Centre","Elections Ontario",35109,ocd-division/country:ca/ed:35109-2023,Toronto-Centre,"Toronto Centre","Federal Redistribution"
Canada,M5A2E5,43.66089,-79.372951,1,place,,,"Toronto, ON M5A",,,,,Toronto,ON,,M5A,CA,"CanVec+ by Natural Resources Canada",,3520,Toronto,CDR,"Census division / Division de recensement CT County / Comté",3520005,Toronto,3520005,Toronto,C,"City / Cité",Toronto,535,"CMA or CA",1,"Census subdivision within census metropolitan area",535,Toronto,B,"Census metropolitan area (CMA)",5350032.00,2021,ocd-division/country:ca/province:on/ed:toronto_centre-2004,"Toronto Centre","Toronto Centre","Elections Ontario",35109,ocd-division/country:ca/ed:35109-2023,Toronto-Centre,"Toronto Centre","Federal Redistribution"
Canada,M6J1A8,43.644456,-79.404554,1,place,,,"Toronto, ON M6J",,,,,Toronto,ON,,M6J,CA,"CanVec+ by Natural Resources Canada",,3520,Toronto,CDR,"Census division / Division de recensement CT County / Comté",3520005,Toronto,3520005,Toronto,C,"City / Cité",Toronto,535,"CMA or CA",1,"Census subdivision within census metropolitan area",535,Toronto,B,"Census metropolitan area (CMA)",5350010.02,2021,ocd-division/country:ca/province:on/ed:spadina-fort_york,"Spadina - Fort York","Spadina - Fort York","Elections Ontario",35100,ocd-division/country:ca/ed:35100-2023,Spadina—Harbourfront,Spadina—Harbourfront,"Federal Redistribution"
Canada,M6J1W4,43.650174,-79.415588,1,place,,,"Toronto, ON M6J",,,,,Toronto,ON,,M6J,CA,"CanVec+ by Natural Resources Canada",,3520,Toronto,CDR,"Census division / Division de recensement CT County / Comté",3520005,Toronto,3520005,Toronto,C,"City / Cité",Toronto,535,"CMA or CA",1,"Census subdivision within census metropolitan area",535,Toronto,B,"Census metropolitan area (CMA)",5350043.00,2021,ocd-division/country:ca/province:on/ed:spadina-fort_york,"Spadina - Fort York","Spadina - Fort York","Elections Ontario",35112,ocd-division/country:ca/ed:35112-2023,University—Rosedale,University—Rosedale,"Federal Redistribution"
Canada,M2K2V5,43.771589,-79.370877,1,place,,,"North York, ON M2K",,,,,"North York",ON,,M2K,CA,"CanVec+ by Natural Resources Canada",,3520,Toronto,CDR,"Census division / Division de recensement CT County / Comté",3520005,Toronto,3520005,Toronto,C,"City / Cité",Toronto,535,"CMA or CA",1,"Census subdivision within census metropolitan area",535,Toronto,B,"Census metropolitan area (CMA)",5350305.01,2021,ocd-division/country:ca/province:on/ed:don_valley_north-2015,"Don Valley North","Don Valley North","Elections Ontario",35023,ocd-division/country:ca/ed:35023-2023,"Don Valley-Nord","Don Valley North","Federal Redistribution"
